{
  "turbine_ids": [
    1,
    2,
    3,
    4,
    5,
    6
  ],
  "x_mu": [
    560.6715087890625,
    -0.23137761652469635,
    5.879476547241211,
    -0.17620731890201569,
    -0.0855640172958374,
    -0.17940834164619446,
    -0.07133204489946365,
    5.883743762969971,
    185.34527587890625,
    1.2506117820739746,
    0.7811177372932434,
    5.843934535980225,
    185.324462890625,
    1.2625715732574463,
    0.9203078746795654,
    5.783046245574951,
    184.72268676757812,
    1.1930034160614014,
    0.6695894598960876,
    5.874927043914795,
    184.5632781982422,
    1.2053945064544678,
    0.7829195857048035,
    6.4400315284729,
    186.2833709716797,
    1.3899331092834473,
    0.8395953178405762,
    6.406926155090332,
    185.3783721923828,
    1.4113059043884277,
    0.9875779747962952,
    6.328066825866699,
    185.0768585205078,
    1.3258522748947144,
    0.7238149046897888,
    6.430545806884766,
    185.64324951171875,
    1.3430540561676025,
    0.8404037356376648,
    6.877645015716553,
    185.94427490234375,
    1.5007295608520508,
    0.8787469267845154,
    6.850146770477295,
    185.95858764648438,
    1.5303255319595337,
    1.0281938314437866,
    6.764298439025879,
    185.70396423339844,
    1.4339110851287842,
    0.7649588584899902,
    6.867573261260986,
    185.7564697265625,
    1.4546844959259033,
    0.879219114780426
  ],
  "x_sd": [
    587.7841186523438,
    196.7210235595703,
    2.6283488273620605,
    0.7085456252098083,
    0.6779312491416931,
    0.7036775350570679,
    0.6837889552116394,
    2.77887225151062,
    95.80541229248047,
    4.509121417999268,
    4.375915050506592,
    2.801253080368042,
    94.74112701416016,
    4.500025749206543,
    4.315514087677002,
    2.732719659805298,
    96.11311340332031,
    4.464186191558838,
    4.295794486999512,
    2.7603039741516113,
    95.28054809570312,
    4.537600040435791,
    4.335660934448242,
    2.9554271697998047,
    95.90351867675781,
    4.921689510345459,
    4.747111797332764,
    2.9894261360168457,
    95.00159454345703,
    4.915576934814453,
    4.694780349731445,
    2.9049997329711914,
    96.44917297363281,
    4.865996360778809,
    4.663342475891113,
    2.942692518234253,
    95.61273193359375,
    4.94722318649292,
    4.713918209075928,
    3.120374917984009,
    96.20438385009766,
    5.257384300231934,
    5.045722007751465,
    3.1608526706695557,
    95.51716613769531,
    5.2545552253723145,
    4.998626232147217,
    3.0627996921539307,
    96.4190444946289,
    5.1956377029418945,
    4.962374210357666,
    3.111819267272949,
    95.71098327636719,
    5.280474662780762,
    5.017268180847168
  ],
  "y_mu": 560.670166015625,
  "y_sd": 587.7879038320312,
  "splits": {
    "train": [
      0,
      7008
    ],
    "val": [
      7008,
      7884
    ],
    "test": [
      7884,
      8760
    ]
  },
  "feature_names": [
    "P",
    "dP",
    "W",
    "dir_sin",
    "dir_cos",
    "nac_sin",
    "nac_cos",
    "speed_k1_50",
    "direction_k1_50",
    "u_k1_50",
    "v_k1_50",
    "speed_k2_50",
    "direction_k2_50",
    "u_k2_50",
    "v_k2_50",
    "speed_k3_50",
    "direction_k3_50",
    "u_k3_50",
    "v_k3_50",
    "speed_k4_50",
    "direction_k4_50",
    "u_k4_50",
    "v_k4_50",
    "speed_k1_75",
    "direction_k1_75",
    "u_k1_75",
    "v_k1_75",
    "speed_k2_75",
    "direction_k2_75",
    "u_k2_75",
    "v_k2_75",
    "speed_k3_75",
    "direction_k3_75",
    "u_k3_75",
    "v_k3_75",
    "speed_k4_75",
    "direction_k4_75",
    "u_k4_75",
    "v_k4_75",
    "speed_k1_100",
    "direction_k1_100",
    "u_k1_100",
    "v_k1_100",
    "speed_k2_100",
    "direction_k2_100",
    "u_k2_100",
    "v_k2_100",
    "speed_k3_100",
    "direction_k3_100",
    "u_k3_100",
    "v_k3_100",
    "speed_k4_100",
    "direction_k4_100",
    "u_k4_100",
    "v_k4_100"
  ],
  "history_len": 24,
  "horizon": 6,
  "L": 24,
  "H": 6
}